t,true_position,command
117.465,0.0,0.04999086806054712
117.47,0.0,0.0499188677430637
117.475,0.0,0.049644980638649194
117.48,0.0,0.04896275698280682
117.485,0.0,0.047685784833654606
117.49,0.0,0.045737194732446966
117.495,0.0,0.04318220999952353
117.5,0.0196,0.04019295009186025
117.505,0.0315,0.03697651253328908
117.51,0.0385,0.03371225861341804
117.515,0.0424,0.03050941640780897
117.52,0.0441,0.027390409163486368
117.525,0.0442,0.02432446036142141
117.53,0.0432,0.02130822382124078
117.535,0.0413,0.018448101550058743
117.54,0.039,0.015978519430668414
117.545,0.0363,0.014191429585432923
117.55,0.0334,0.013322835960351047
117.555,0.0305,0.013463328196801932
117.56,0.0274,0.014547300238102884
117.565,0.0244,0.016426916026318815
117.57,0.0214,0.01897725581052557
117.575,0.0188,0.022175004791538253
117.58,0.0167,0.026112588498484416
117.585,0.0154,0.03092184953295752
117.59,0.0148,0.036634900086467435
117.595,0.0151,0.043093897737762114
117.6,0.0162,0.04999775957154403
117.605,0.018,0.05702899280706591
117.61,0.0205,0.06395289818868022
117.615,0.0237,0.07066432713410004
117.62,0.0278,0.07718512455209536
117.625,0.0327,0.0835888184988226
117.63,0.0383,0.08988609198968624
117.635,0.0444,0.09596477208466597
117.64,0.0509,0.10161158150083752
117.645,0.0575,0.10657854424021895
117.65,0.0641,0.11067938906283409
117.655,0.0706,0.11388744323193113
117.66,0.0771,0.11636386904833738
117.665,0.0835,0.11837847102372857
117.67,0.0896,0.1201648026214736
117.675,0.0954,0.12180543127299595
117.68,0.1007,0.12322955564339742
117.685,0.1054,0.12432102596954837
117.69,0.1093,0.12504913454829092
117.695,0.1125,0.12552625648124668
117.7,0.1152,0.1259716783956031
117.705,0.1176,0.12661876956643356
117.71,0.1196,0.12760739161284063
117.715,0.1213,0.1289157164906624
117.72,0.1226,0.13038149124817375
117.725,0.1237,0.13180546731234014
117.73,0.1245,0.1330746052062944
117.735,0.1252,0.13423874298536337
117.74,0.126,0.13549449917908665
117.745,0.1269,0.13707390756377735
117.75,0.128,0.1391044660122373
117.755,0.1293,0.1415332808493325
117.76,0.1305,0.1441606186013446
117.765,0.1318,0.14675074274274433
117.77,0.133,0.14915401835930867
117.775,0.1343,0.1513844347535348
117.78,0.1359,0.15360612216296604
117.785,0.1377,0.1560333134742828
117.79,0.1398,0.15881254742437118
117.795,0.1421,0.16194702770322245
117.8,0.1444,0.16529530226333583
117.805,0.1468,0.16865700624863716
117.81,0.1491,0.1718973414825613
117.815,0.1514,0.17501698573503988
117.82,0.1538,0.17812166332010076
117.825,0.1565,0.18133450370654935
117.83,0.1594,0.18471202553087945
117.835,0.1624,0.18763942550281265
117.84,0.1656,0.18832864120058468
117.845,0.1688,0.18898070780679482
117.85,0.1719,0.18958474748921428
117.855,0.1751,0.19015545915510165
117.86,0.1783,0.19072435990290143
117.865,0.1814,0.19132288089008348
117.87,0.1841,0.1919668281574659
117.875,0.1859,0.19264619187271503
117.88,0.1873,0.193327648228366
117.885,0.1883,0.19397247354766042
117.89,0.1892,0.19455914524144402
117.895,0.1899,0.1950961933945551
117.9,0.1906,0.19561780428167239
117.905,0.1913,0.1961663061804183
117.91,0.192,0.1967720185746613
117.915,0.1927,0.19743940625263678
117.92,0.1933,0.19814622712412722
117.925,0.1939,0.19885693243352098
117.93,0.1945,0.19954235713561735
117.935,0.1951,0.20019351150785505
117.94,0.1956,0.20082082448099883
117.945,0.1962,0.2014382707965598
117.95,0.1969,0.2020441394947564
117.955,0.1975,0.20261466611948037
117.96,0.1982,0.20311257298524404
117.965,0.1989,0.20350325895758656
117.97,0.1995,0.20377208229892363
117.975,0.2002,0.20393140992687347
117.98,0.2008,0.20401237644165
117.985,0.2014,0.20405008997501187
117.99,0.202,0.20406922779881978
117.995,0.2025,0.20407298443680663
118.0,0.203,0.20404247489563043
118.005,0.2033,0.20394992129491885
118.01,0.2036,0.20377814898840638
118.015,0.2038,0.2035361277275394
118.02,0.2039,0.20326081819731898
118.025,0.204,0.2029994993255008
118.03,0.204,0.20278473076225073
118.035,0.204,0.20262178792110264
118.04,0.2039,0.20249215319095165
118.045,0.2038,0.20236806398727983
118.05,0.2037,0.20223211731253093
118.055,0.2034,0.20209058292900667
118.06,0.2032,0.20197389921128595
118.065,0.203,0.20192407631587203
118.07,0.2028,0.2019727750340203
118.075,0.2027,0.20212307003254937
118.08,0.2025,0.20234850611250468
118.085,0.2024,0.20261223836245865
118.09,0.2022,0.20289211047436037
118.095,0.2021,0.20319033662531055
118.1,0.2021,0.20352415868002385
118.105,0.2021,0.2039094062277611
118.11,0.2021,0.20434618182330402
118.115,0.2023,0.20481318955885366
118.12,0.2025,0.20527296667560815
118.125,0.2027,0.20568384600752818
118.13,0.203,0.20601742536919415
118.135,0.2033,0.20627587459012292
118.14,0.2036,0.20649256169828875
118.145,0.204,0.2067115418516448
118.15,0.2044,0.20696229401160146
118.155,0.2049,0.20724647890433864
118.16,0.2053,0.207541975290789
118.165,0.2056,0.20782008765272403
118.17,0.2059,0.20806429917121608
118.175,0.2062,0.2082787636193797
118.18,0.2065,0.20848368667581557
118.185,0.2067,0.2087010768354997
118.19,0.207,0.2089364090513796
118.195,0.2073,0.2091680279016961
118.2,0.2075,0.20935485445751556
118.205,0.2078,0.20945628440619105
118.21,0.208,0.20945107692135984
118.215,0.2083,0.20934671753340406
118.22,0.2085,0.2091728416780555
118.225,0.2087,0.208963532172187
118.23,0.2089,0.20874172171319189
118.235,0.2091,0.2085094132510101
118.24,0.2092,0.20824516266751786
118.245,0.2093,0.20791559517745312
118.25,0.2093,0.20749691902398384
118.255,0.2092,0.20698925888340078
118.26,0.2091,0.2064156320288819
118.265,0.2089,0.20581143943671976
118.27,0.2087,0.2052088628297597
118.275,0.2084,0.20462179456488494
118.28,0.2081,0.20404440536548263
118.285,0.2078,0.20346598568752472
118.29,0.2073,0.2028861082258322
118.295,0.2068,0.2023189381907508
118.3,0.2063,0.2017903279100513
118.305,0.2057,0.20132878753019812
118.31,0.2052,0.20094963776858615
118.315,0.2046,0.20064340176895848
118.32,0.204,0.200378881256576
118.325,0.2035,0.20011776801693107
118.33,0.2029,0.19983402830376018
118.335,0.2024,0.19952929549054388
118.34,0.2019,0.1992321776757564
118.345,0.2014,0.1989798015613945
118.35,0.2011,0.1987944835850351
118.355,0.2007,0.1986701629624323
118.36,0.2004,0.19857531517227003
118.365,0.2001,0.1984714699828579
118.37,0.1998,0.19833764815957255
118.375,0.1995,0.19818502967971569
118.38,0.1993,0.19805267312681582
118.385,0.1991,0.19798644879150204
118.39,0.1989,0.1980114683277918
118.395,0.1987,0.19811564704302354
118.4,0.1986,0.19825904080953052
118.405,0.1985,0.19840088740315637
118.41,0.1983,0.19852087255658732
118.415,0.1982,0.19862544459008832
118.42,0.1981,0.1987440125269199
118.425,0.1981,0.19891449495557376
118.43,0.1981,0.19916049273939587
118.435,0.1982,0.19947596057455957
118.44,0.1983,0.19982902961145677
118.445,0.1984,0.20018078403657105
118.45,0.1985,0.20050653715295402
118.455,0.1986,0.20080570301636874
118.46,0.1988,0.20109567373353268
118.465,0.199,0.20139640598801017
118.47,0.1993,0.20171279361825742
118.475,0.1996,0.2020232481454697
118.48,0.1999,0.20228367009932377
118.485,0.2002,0.20244619326123572
118.49,0.2005,0.2024815377771511
118.495,0.2008,0.20239235861040164
118.5,0.2011,0.20221075767302546
118.505,0.2014,0.2019807287119445
118.51,0.2017,0.20173495159662183
118.515,0.202,0.201479579913141
118.52,0.2022,0.20119530513873388
118.525,0.2023,0.20085294036907572
118.53,0.2023,0.20043485209005257
118.535,0.2022,0.1999517052074042
118.54,0.2021,0.19944367350291126
118.545,0.2019,0.19896401032808644
118.55,0.2017,0.1985553552290577
118.555,0.2014,0.19823134480716265
118.56,0.2011,0.19797559118894006
118.565,0.2007,0.19776149780102456
118.57,0.2003,0.19757659395332283
118.575,0.1999,0.1974309117833896
118.58,0.1994,0.19734816188416496
118.585,0.199,0.19735204152197752
118.59,0.1986,0.19745240753764098
118.595,0.1983,0.197633468112504
118.6,0.1981,0.19785563806313627
118.605,0.1978,0.19807334354002257
118.61,0.1977,0.1982538096410382
118.615,0.1975,0.19838838812366064
118.62,0.1975,0.1984949726374506
118.625,0.1975,0.19860423184987386
118.63,0.1976,0.19873466384233537
118.635,0.1978,0.19887773952611257
118.64,0.1979,0.19900393585463805
118.645,0.1981,0.1990840624394667
118.65,0.1982,0.1991126071934012
118.655,0.1984,0.1991191165772108
118.66,0.1985,0.1991622129824086
118.665,0.1986,0.19930800934554924
118.67,0.1987,0.19960058698363267
118.675,0.1989,0.200041653549369
118.68,0.199,0.20059390264700924
118.685,0.199,0.20120317631067872
118.69,0.1991,0.2018238046450121
118.695,0.1991,0.202435546292261
118.7,0.1993,0.20304343661264626
118.705,0.1995,0.20366144839743688
118.71,0.1998,0.20429252762372258
118.715,0.2003,0.20491697306663928
118.72,0.2008,0.20549467871311533
118.725,0.2013,0.20597936558575758
118.73,0.2019,0.2063385053513332
118.735,0.2025,0.20656704753296373
118.74,0.2031,0.2066840450360738
118.745,0.2037,0.20671798688719054
118.75,0.2043,0.20669130200252772
118.755,0.2049,0.2066076805119934
118.76,0.2054,0.2064488365349092
118.765,0.2058,0.20618688156951664
118.77,0.2061,0.20580772162631256
118.775,0.2064,0.20532845823309528
118.78,0.2065,0.20479492820571443
118.785,0.2066,0.2042650926937106
118.79,0.2065,0.20378970778468472
118.795,0.2065,0.20339412003066695
118.8,0.2063,0.20306903949306343
118.805,0.206,0.20278414684543572
118.81,0.2056,0.2025195122326979
118.815,0.2052,0.2022850118971911
118.82,0.2047,0.20211079130215254
118.825,0.2043,0.20202410792176895
118.83,0.2038,0.20203338614382346
118.835,0.2035,0.2021249966594551
118.84,0.2031,0.2022697768941017
118.845,0.2029,0.20243700321476443
118.85,0.2026,0.2026114328849464
118.855,0.2024,0.20280229064494074
118.86,0.2022,0.20303496656747966
118.865,0.2022,0.20333041230412546
118.87,0.2022,0.20368621618003774
118.875,0.2023,0.20406952583072194
118.88,0.2024,0.20442503762306163
118.885,0.2025,0.20469483079577477
118.89,0.2027,0.2048416091842596
118.895,0.2029,0.2048633848852859
118.9,0.2031,0.20478829088317582
118.905,0.2034,0.20465351132849713
118.91,0.2038,0.20448530015367208
118.915,0.2041,0.20428860913581529
118.92,0.2044,0.20404810112966695
118.925,0.2045,0.20374131273481455
118.93,0.2047,0.203358237022594
118.935,0.2047,0.20291732175657834
118.94,0.2046,0.20246474317268892
118.945,0.2045,0.20205214616368258
118.95,0.2044,0.20170967685632832
118.955,0.2042,0.20143404814386254
118.96,0.2039,0.20119591609656384
118.965,0.2036,0.2009591629226323
118.97,0.2032,0.20069973150330245
118.975,0.2028,0.2004163691191989
118.98,0.2025,0.20013038381363624
118.985,0.2021,0.19987196339136493
118.99,0.2018,0.19965715179530774
118.995,0.2015,0.19947118116941384
119.0,0.2012,0.19927499407727797
119.005,0.201,0.19902934818034929
119.01,0.2007,0.1987159503520646
119.015,0.2004,0.19834622224401752
119.02,0.2002,0.19795627843992403
119.025,0.1999,0.1975898933910803
119.03,0.1997,0.19727844676002
119.035,0.1995,0.19702885009525964
119.04,0.1992,0.19682688158588393
119.045,0.199,0.1966540871792407
119.05,0.1986,0.19650595337332544
119.055,0.1983,0.1963990482063607
119.06,0.1979,0.1963659798779697
119.065,0.1976,0.19644340853350953
119.07,0.1973,0.1966547873282595
119.075,0.1971,0.19699723383479958
119.08,0.1969,0.19744453869219314
119.085,0.1967,0.19796147968442185
119.09,0.1966,0.19852211096376715
119.095,0.1965,0.19912481277515717
119.1,0.1965,0.19978972996741082
119.105,0.1966,0.20053919523699162
119.11,0.1969,0.20137831727670946
119.115,0.1972,0.20228543998166745
119.12,0.1976,0.20321401705049288
119.125,0.1981,0.20410792597820201
119.13,0.1987,0.20492374417420267
119.135,0.1993,0.20564588897374406
119.14,0.1999,0.20628764335063918
119.145,0.2007,0.20687684017482647
119.15,0.2015,0.2074307223564164
119.155,0.2024,0.2079372976267903
119.16,0.2032,0.20835801198998125
119.165,0.2041,0.20864634629118536
119.17,0.2048,0.2087675666103608
119.175,0.2055,0.20871097061247385
119.18,0.2062,0.20849001324426028
119.185,0.2068,0.20812982073333453
119.19,0.2073,0.2076495248456277
119.195,0.2078,0.2070504620377263
119.2,0.2082,0.20631935815685726
119.205,0.2084,0.2054461049635954
119.21,0.2085,0.20444401711629379
119.215,0.2084,0.2033597280275971
119.22,0.2082,0.20226675196304889
119.225,0.2079,0.20124476951579842
119.23,0.2074,0.20035644243415923
119.235,0.2068,0.19963273296202652
119.24,0.206,0.1990689385228337
119.245,0.2052,0.19863497392053275
119.25,0.2042,0.19829942993676214
119.255,0.2032,0.19805111441012124
119.26,0.2023,0.1979027675434916
119.265,0.2013,0.19787808631973317
119.27,0.2005,0.1979899341301513
119.275,0.1999,0.19822202413085507
119.28,0.1993,0.19853070242519374
119.285,0.1989,0.19886703280742188
119.29,0.1985,0.19919970867419284
119.295,0.1983,0.19952374792963354
119.3,0.1981,0.19985530426659567
119.305,0.1981,0.2002185425591377
119.31,0.1982,0.2006288259205996
119.315,0.1984,0.20107816270437998
119.32,0.1987,0.20153209637930292
119.325,0.1989,0.2019431014484534
119.33,0.1992,0.2022728035349185
119.335,0.1996,0.20250825606269424
119.34,0.1999,0.2026633226172329
119.345,0.2003,0.20276539398324792
119.35,0.2007,0.20283565872765458
119.355,0.2011,0.20287489911936404
119.36,0.2015,0.2028644213953426
119.365,0.2019,0.20278262983271583
119.37,0.2022,0.20262479448907442
119.375,0.2024,0.20241241241603644
119.38,0.2025,0.2021890668836145
119.385,0.2027,0.2020062773391049
119.39,0.2027,0.20190471149120676
119.395,0.2028,0.20189775730893375
119.4,0.2027,0.2019674559961386
119.405,0.2026,0.20207927307224868
119.41,0.2025,0.20220615561449215
119.415,0.2023,0.20234467209334386
119.42,0.2022,0.20251396764174642
119.425,0.2021,0.20273930422683048
119.43,0.202,0.20303241452974954
119.435,0.202,0.20337918509039893
119.44,0.2021,0.20373861499504584
119.445,0.2022,0.20405704992593257
119.45,0.2023,0.20429067708214158
119.455,0.2024,0.20441926679328495
119.46,0.2026,0.2044459530514523
119.465,0.2028,0.20438753118179662
119.47,0.2031,0.20425835216367488
119.475,0.2034,0.2040556958401871
119.48,0.2037,0.16879159283492245
119.485,0.204,0.16670812126694473
119.49,0.2042,0.1639993695544762
119.495,0.2043,0.16080485851375392
119.5,0.2043,0.1574172254308407
119.505,0.2042,0.15416385810039968
119.51,0.196,0.1512537376988446
119.515,0.185,0.14869620049577426
119.52,0.1773,0.14632650766600075
119.525,0.1715,0.14391464041820762
119.53,0.1666,0.1412968485459843
119.535,0.1623,0.13845129704580944
119.54,0.1585,0.13548847558779503
119.545,0.1551,0.13257036184309823
119.55,0.152,0.129809821756257
119.555,0.1493,0.12722103577581834
119.56,0.1466,0.12473145800480583
119.565,0.1439,0.12223369142933051
119.57,0.1411,0.11966750324360874
119.575,0.1383,0.11708460333617814
119.58,0.1354,0.11463272022526637
119.585,0.1326,0.11246485152496079
119.59,0.13,0.11064562214750569
119.595,0.1274,0.10910915560257327
119.6,0.1248,0.10768248008798974
119.605,0.1222,0.10616759323280607
119.61,0.1196,0.10443604759044516
119.615,0.1172,0.10247224059387615
119.62,0.1149,0.10034029291069892
119.625,0.1129,0.09810398738291311
119.63,0.1111,0.09575507187826728
119.635,0.1094,0.09319822806881044
119.64,0.1078,0.09029833936754982
119.645,0.106,0.0869430354881607
119.65,0.1042,0.08309665772319004
119.655,0.1022,0.07884741388287671
119.66,0.1,0.07440697683065188
119.665,0.0978,0.0700338421681329
119.67,0.0953,0.06592258006217667
119.675,0.0926,0.06213085479539483
119.68,0.0896,0.05858703456202337
119.685,0.0861,0.0551656598079443
119.69,0.0823,0.0517854187037497
119.695,0.0782,0.048477605347184635
119.7,0.0741,0.04537824840290634
119.705,0.07,0.04264332993740781
119.71,0.0661,0.04034481780242857
119.715,0.0624,0.03841368638926271
119.72,0.0588,0.03666537225242503
119.725,0.0553,0.034892322720288554
119.73,0.0519,0.032972147367252166
119.735,0.0487,0.03093235384256879
119.74,0.0458,0.028922927924048214
119.745,0.0432,0.027112640451699324
119.75,0.0409,0.025581783864454755
119.755,0.0389,0.024271142822244476
119.76,0.0369,0.02301200574914393
119.765,0.0349,0.02162674373033034
119.77,0.0329,0.020048167026929214
119.775,0.031,0.018369822256699003
119.78,0.0291,0.01678916309418306
119.785,0.0275,0.015500296934661845
119.79,0.0259,0.014596284812556815
119.795,0.0245,0.014016457517935912
119.8,0.023,0.013559279030700214
119.805,0.0215,0.012951665627154427
119.81,0.0199,0.011961718649895182
119.815,0.0184,0.01050587638015836
119.82,0.017,0.00867618773388084
119.825,0.0159,0.006676474314636929
119.83,0.015,0.004704732408622063
119.835,0.0143,0.0028476990149951947
119.84,0.0135,0.0010627122136270123
119.845,0.0126,-0.0007517635843361861
119.85,0.0114,-0.0026557200815879936
119.855,0.0099,-0.0045874201418435595
119.86,0.0082,-0.006355021948263748
119.865,0.0064,-0.007729817997575092
119.87,0.0046,-0.00857358241698105
119.875,0.0028,-0.008904933192750923
119.88,0.001,-0.008897385462515527
119.885,-0.0008,-0.008825357177384203
119.89,-0.0027,-0.00895122415973277
119.895,-0.0044,-0.009412667534521184
119.9,-0.0059,-0.010207877184761294
119.905,-0.007,-0.011276316367721431
119.91,-0.0078,-0.012589993411878109
119.915,-0.0082,-0.014200570004486171
119.92,-0.0084,-0.01622185663023864
119.925,-0.0087,-0.01874459047218051
119.93,-0.0091,-0.02173676637238764
119.935,-0.0098,-0.025006720205611378
119.94,-0.0106,-0.028252991157555
119.945,-0.0117,-0.03116689254646489
119.95,-0.0132,-0.0335255992744531
119.955,-0.0149,-0.03523721432953623
119.96,-0.0171,-0.03635175178524936
119.965,-0.0196,-0.03702391613131779
119.97,-0.0225,-0.0373972726121249
119.975,-0.0254,-0.03749184929955036
119.98,-0.0282,-0.03720533060934929
119.985,-0.0308,-0.03641402818650318
119.99,-0.0328,-0.03509714156198614
119.995,-0.0344,-0.033413116382742164
120.0,-0.0356,-0.03167204610694416
120.005,-0.0363,-0.03022750918761817
120.01,-0.0367,-0.02936281551948684
120.015,-0.0368,-0.029211091112535864
120.02,-0.0364,-0.029739689398466336
120.025,-0.0356,-0.03081607331067587
120.03,-0.0344,-0.03230816475475323
120.035,-0.033,-0.034151868356286356
120.04,-0.0316,-0.0363531652932636
120.045,-0.0306,-0.0389367999245995
120.05,-0.0301,-0.041873286271751936
120.055,-0.0302,-0.045017822715101595
120.06,-0.0307,-0.0481194638899326
120.065,-0.0317,-0.05092701822406289
120.07,-0.0331,-0.05331490461772179
120.075,-0.0349,-0.05533582263498045
120.08,-0.0371,-0.05718625019565271
120.085,-0.0397,-0.0591125346714345
120.09,-0.0424,-0.06129317362780028
120.095,-0.0453,-0.06376334384352733
120.1,-0.048,-0.066426375533938
120.105,-0.0506,-0.06912737422333975
120.11,-0.0529,-0.07175460490382257
120.115,-0.055,-0.0743182527331365
120.12,-0.0571,-0.07693205927071635
120.125,-0.0593,-0.07971208480586492
120.13,-0.0616,-0.08268123273652427
120.135,-0.0641,-0.08572583080109292
120.14,-0.0666,-0.088620946851175
120.145,-0.0692,-0.09112021599599421
120.15,-0.0718,-0.09305096790277836
120.155,-0.0744,-0.09436198733059
120.16,-0.0771,-0.09511858250875398
120.165,-0.08,-0.09544988328350751
120.17,-0.0829,-0.0954675765483345
120.175,-0.0857,-0.09520473160749104
120.18,-0.0882,-0.0946141908741876
120.185,-0.0904,-0.09363236539031605
120.19,-0.0922,-0.09226981649152621
120.195,-0.0934,-0.09065213155260161
120.2,-0.0942,-0.08898595323176202
120.205,-0.0947,-0.08748587252712223
120.21,-0.0948,-0.08628296195210443
120.215,-0.0945,-0.0853611803460024
120.22,-0.0939,-0.08458914718511848
120.225,-0.0929,-0.08383073760273069
120.23,-0.0917,-0.08305635144834941
120.235,-0.0903,-0.08238806512382157
120.24,-0.0889,-0.08204982038314487
120.245,-0.0877,-0.08225735550649967
120.25,-0.0866,-0.0831069356425046
120.255,-0.0856,-0.08450655935150303
120.26,-0.0848,-0.08619743573339234
120.265,-0.0839,-0.0878806319768277
120.27,-0.0833,-0.08937121034128527
120.275,-0.0828,-0.09066767139946955
120.28,-0.0828,-0.09190109451759496
120.285,-0.0832,-0.09321882175495433
120.29,-0.084,-0.0946847761818444
120.295,-0.0852,-0.09623950791718933
120.3,-0.0866,-0.0977100231391275
120.305,-0.088,-0.09886415627125784
120.31,-0.0893,-0.09950536937046806
120.315,-0.0906,-0.09955518766480721
120.32,-0.092,-0.09907104406220679
120.325,-0.0934,-0.09819785277601878
120.33,-0.0948,-0.09708597448132424
120.335,-0.0962,-0.09582512786722268
120.34,-0.0974,-0.09443476142290586
120.345,-0.0983,-0.09291541293126473
120.35,-0.0987,-0.0913253336661079
120.355,-0.0987,-0.08982680400058114
120.36,-0.0983,-0.0886597878453059
120.365,-0.0975,-0.08805231116637069
120.37,-0.0966,-0.08813489107968273
120.375,-0.0954,-0.08890931160325631
120.38,-0.0941,-0.0902705834810903
120.385,-0.0927,-0.09207539244805929
120.39,-0.0913,-0.09422952668709102
120.395,-0.0901,-0.09673427299985926
120.4,-0.0893,-0.09966830876567617
120.405,-0.089,-0.10312245726009184
120.41,-0.0892,-0.10710335236774068
120.415,-0.09,-0.1114579566865379
120.42,-0.0913,-0.11589092900267745
120.425,-0.093,-0.12007140609246993
120.43,-0.0951,-0.12375671152426107
120.435,-0.0976,-0.12686995165488224
120.44,-0.1006,-0.1295035971341263
120.445,-0.1041,-0.13184285646716237
120.45,-0.1079,-0.13403728945910545
120.455,-0.112,-0.13610224765266196
120.46,-0.116,-0.13792420590410953
120.465,-0.1197,-0.13935263910387768
120.47,-0.1231,-0.1403093027902459
120.475,-0.1262,-0.14085778755182532
120.48,-0.1289,-0.14118869538004292
120.485,-0.1314,-0.14153025543662628
120.49,-0.1337,-0.14204672786872108
120.495,-0.1357,-0.14277698043155077
120.5,-0.1374,-0.14363882995468835
120.505,-0.1387,-0.14448487176634134
120.51,-0.1396,-0.14518312004443956
120.515,-0.1403,-0.14570388467378226
120.52,-0.1409,-0.1461552977415694
120.525,-0.1415,-0.14672694180981743
120.53,-0.1422,-0.14758540026028089
120.535,-0.1429,-0.14878510586658633
120.54,-0.1437,-0.15024637423549458
120.545,-0.1444,-0.15182477666417415
120.55,-0.145,-0.15342091134734867
120.555,-0.1456,-0.15505114231066142
120.56,-0.1462,-0.15684200401768644
120.565,-0.147,-0.15895449256833305
120.57,-0.148,-0.1614795530894116
120.575,-0.1492,-0.16437057932152338
120.58,-0.1506,-0.1674621269064642
120.585,-0.152,-0.17055995588429296
120.59,-0.1536,-0.17353460109359983
120.595,-0.1553,-0.17637055995570666
120.6,-0.1573,-0.1791526646624617
120.605,-0.1596,-0.1819901409899024
120.61,-0.1621,-0.1849381247195857
120.615,-0.1649,-0.18759376757616464
120.62,-0.1678,-0.1881954793201339
120.625,-0.1707,-0.1887650150655067
120.63,-0.1735,-0.18928611869543882
120.635,-0.1764,-0.18976980724196604
120.64,-0.1792,-0.19025345095773147
120.645,-0.182,-0.19078282267488783
120.65,-0.1844,-0.19138742492748934
120.655,-0.1861,-0.19206416070321194
120.66,-0.1873,-0.19278313341441422
120.665,-0.1882,-0.19351014263513597
120.67,-0.1889,-0.19422480209770254
120.675,-0.1896,-0.19492716252423467
120.68,-0.1902,-0.19563556778452132
120.685,-0.1908,-0.19637254367571905
120.69,-0.1915,-0.19714298954496612
120.695,-0.1921,-0.19792082639989456
120.7,-0.1928,-0.19865649648312625
120.705,-0.1935,-0.19930086721791893
120.71,-0.1943,-0.19982689628829392
120.715,-0.195,-0.20023661306050625
120.72,-0.1957,-0.2005571874075023
120.725,-0.1964,-0.20082994516215974
120.73,-0.1972,-0.2010912066276665
120.735,-0.1979,-0.20135404428709078
120.74,-0.1986,-0.2016046525052305
120.745,-0.1992,-0.2018160410740379
120.75,-0.1997,-0.20196908994883664
120.755,-0.2001,-0.20206472341151727
120.76,-0.2004,-0.20212057198212258
120.765,-0.2007,-0.20215992029302216
120.77,-0.201,-0.2022011485084108
120.775,-0.2013,-0.20224904547188022
120.78,-0.2015,-0.20229160960293968
120.785,-0.2017,-0.20230804117085943
120.79,-0.2019,-0.20228407483485758
120.795,-0.202,-0.2022242031326081
120.8,-0.2021,-0.2021514321507432
120.805,-0.2021,-0.20209381107171792
120.81,-0.2022,-0.2020662587478241
120.815,-0.2022,-0.2020572912368052
120.82,-0.2023,-0.2020306626168661
120.825,-0.2023,-0.2019455940530643
120.83,-0.2022,-0.20178365458290462
120.835,-0.2022,-0.2015628652161209
120.84,-0.2021,-0.2013313770272363
120.845,-0.2021,-0.20114696082643113
120.85,-0.2021,-0.20105088294205178
120.855,-0.202,-0.20105125124110482
120.86,-0.202,-0.2011284754100079
120.865,-0.2019,-0.20125353688542744
120.87,-0.2017,-0.20140475321400747
120.875,-0.2015,-0.20158062413295988
120.88,-0.2014,-0.20180241822072273
120.885,-0.2012,-0.2020962657000654
120.89,-0.2012,-0.2024648811723763
120.895,-0.2012,-0.20287320557644892
120.9,-0.2013,-0.2032582968410964
120.905,-0.2014,-0.20355535084891777
120.91,-0.2015,-0.20372350593814956
120.915,-0.2017,-0.20375718317052147
120.92,-0.2019,-0.20367921335751724
120.925,-0.2022,-0.20352136329171558
120.93,-0.2026,-0.20330267133804114
120.935,-0.2029,-0.20301842345122298
120.94,-0.2032,-0.20264633379214803
120.945,-0.2034,-0.2021640522688978
120.95,-0.2035,-0.20156760001956042
120.955,-0.2036,-0.20088193964136591
120.96,-0.2035,-0.20015647089351754
120.965,-0.2034,-0.19944713358873656
120.97,-0.2031,-0.19879746700705833
120.975,-0.2028,-0.19822672783060397
120.98,-0.2024,-0.1977278789637769
120.985,-0.2019,-0.1972792308638407
120.99,-0.2014,-0.19686433017583768
120.995,-0.2007,-0.1964867778804346
121.0,-0.2001,-0.19617045632814595
121.005,-0.1994,-0.19594321998030356
121.01,-0.1988,-0.19581293965176136
121.015,-0.1983,-0.19575357161166684
121.02,-0.1978,-0.19571405919694024
121.025,-0.1973,-0.19564397902873612
121.03,-0.1969,-0.19551527083621234
121.035,-0.1966,-0.19532705424599217
121.04,-0.1963,-0.19509837900379415
121.045,-0.1961,-0.19485633865432428
121.05,-0.1959,-0.19461917529552164
121.055,-0.1958,-0.194380973363867
121.06,-0.1957,-0.1941133273543747
121.065,-0.1956,-0.1937827752942895
121.07,-0.1955,-0.19336851131745125
121.075,-0.1953,-0.19287496878438767
121.08,-0.1951,-0.19233733413612225
121.085,-0.1948,-0.19181036653060468
121.09,-0.1946,-0.19134290878626053
121.095,-0.1944,-0.19095937089320883
121.1,-0.1941,-0.1906600527953578
121.105,-0.1937,-0.19043391569254525
121.11,-0.1933,-0.19027586048818018
121.115,-0.1928,-0.19019911139150045
121.12,-0.1923,-0.19023279117356418
121.125,-0.1919,-0.19040686089775874
121.13,-0.1914,-0.19073486886738186
121.135,-0.1911,-0.1912026859980647
121.14,-0.1908,-0.19176873175920944
121.145,-0.1906,-0.19237918432430964
121.15,-0.1904,-0.1929923274856888
121.155,-0.1904,-0.19359454417569388
121.16,-0.1904,-0.19419781073377262
121.165,-0.1906,-0.19482406125558063
121.17,-0.191,-0.19548503184938512
121.175,-0.1914,-0.19616707387479188
121.18,-0.1919,-0.19683185760057145
121.185,-0.1925,-0.19743689980394746
121.19,-0.193,-0.19796130545248014
121.195,-0.1936,-0.19841405606342236
121.2,-0.1942,-0.19882265812920033
121.205,-0.1949,-0.1992170453238265
121.21,-0.1955,-0.19961652472397176
121.215,-0.1962,-0.20001972925692552
121.22,-0.1968,-0.20040139636896526
121.225,-0.1974,-0.2007223640059506
121.23,-0.1979,-0.20095111528264603
121.235,-0.1983,-0.20108351991024573
121.24,-0.1988,-0.20114593979873194
121.245,-0.1992,-0.20117912461683152
121.25,-0.1996,-0.20121451221875913
121.255,-0.2,-0.20125758070912902
121.26,-0.2003,-0.20128661292791164
121.265,-0.2006,-0.2012658985960391
121.27,-0.2008,-0.20116413023537413
121.275,-0.2009,-0.20096796702669362
121.28,-0.201,-0.2006838789017019
121.285,-0.2011,-0.20032828546452489
121.29,-0.2012,-0.19991541610193295
121.295,-0.2012,-0.1994505656457842
121.3,-0.2012,-0.1989296687185555
121.305,-0.2012,-0.19834592763541198
121.31,-0.201,-0.19770194109976155
121.315,-0.2008,-0.19701933120379392
121.32,-0.2005,-0.19633767403196906
121.325,-0.2002,-0.19570103708213907
121.33,-0.1998,-0.19513909111981395
121.335,-0.1993,-0.19465640652238764
121.34,-0.1988,-0.19423812676560784
121.345,-0.1982,-0.19386707874960898
121.35,-0.1976,-0.19354164182188785
121.355,-0.197,-0.19328406613348342
121.36,-0.1963,-0.19313310391070243
121.365,-0.1958,-0.19312572968600153
121.37,-0.1952,-0.19327913841816186
121.375,-0.1947,-0.1935813445192326
121.38,-0.1943,-0.19399595225354277
121.385,-0.194,-0.19448042229374446
121.39,-0.1937,-0.19500563618269878
121.395,-0.1934,-0.19556153258419984
121.4,-0.1933,-0.19614662210141948
121.405,-0.1934,-0.19675444883779655
121.41,-0.1935,-0.19736516068338653
121.415,-0.1938,-0.19794048570260273
121.42,-0.1942,-0.1984285162612769
121.425,-0.1946,-0.19878321028953944
121.43,-0.1951,-0.1989864371992541
121.435,-0.1957,-0.19905830257895102
121.44,-0.1962,-0.19905027486506932
121.445,-0.1968,-0.19902489779111823
121.45,-0.1974,-0.19903333302240916
121.455,-0.1979,-0.1991010419857772
121.46,-0.1983,-0.19922830259588092
121.465,-0.1986,-0.19940344458421905
121.47,-0.1988,-0.19961706526110867
121.475,-0.1989,-0.19987048911916436
121.48,-0.1989,-0.20017758416876286
121.485,-0.199,-0.2005573674807436
121.49,-0.1991,-0.20101795260809746
121.495,-0.1992,-0.20154129917989588
121.5,-0.1993,-0.20208414359092433
121.505,-0.1995,-0.20259795994079366
121.51,-0.1997,-0.2030518548871249
121.515,-0.2,-0.20344473226649146
121.52,-0.2003,-0.2038024310042643
121.525,-0.2007,-0.20416120363237472
121.53,-0.2011,-0.2045469787741681
121.535,-0.2016,-0.2049586556671821
121.54,-0.2021,-0.2053620794666019
121.545,-0.2026,-0.20570508240478322
121.55,-0.203,-0.20594770232070603
121.555,-0.2034,-0.2060822428760875
121.56,-0.2038,-0.20613003103109961
121.565,-0.2042,-0.20612224433665022
121.57,-0.2046,-0.20607709968022345
121.575,-0.205,-0.2059867817396216
121.58,-0.2053,-0.20582219288810927
121.585,-0.2056,-0.20555007928474556
121.59,-0.2058,-0.20515370077421513
121.595,-0.2059,-0.2046467822866364
121.6,-0.206,-0.204066359120893
121.605,-0.206,-0.2034471065021234
121.61,-0.206,-0.20279943737351225
121.615,-0.2059,-0.20210629464778057
121.62,-0.2057,-0.20668866223561866
121.625,-0.2054,-0.20237100179160536
121.63,-0.205,-0.19762433254742306
121.635,-0.2045,-0.1926537844524566
121.64,-0.2039,-0.18777054723175274
121.645,-0.2033,-0.18330671934435436
121.65,-0.2037,-0.17952211375785526
121.655,-0.2041,-0.1765270884274327
121.66,-0.2025,-0.17426467189147454
121.665,-0.1995,-0.1725758493843711
121.67,-0.1958,-0.17131199748815448
121.675,-0.1917,-0.17042559767258766
121.68,-0.1875,-0.16998456354050334
121.685,-0.1837,-0.17010158594652697
121.69,-0.1803,-0.17082929296148722
121.695,-0.1775,-0.17209735054697295
121.7,-0.1753,-0.17372712936385246
121.705,-0.1735,-0.17550342455135992
121.71,-0.1721,-0.1772656421852693
121.715,-0.1713,-0.17897276954166313
121.72,-0.1709,-0.18070161674026655
121.725,-0.1711,-0.18256843458151584
121.73,-0.1718,-0.184611798088938
121.735,-0.1729,-0.1867284083747568
121.74,-0.1743,-0.18870867102109187
121.745,-0.1759,-0.19031829499911568
121.75,-0.1775,-0.19138041936652322
121.755,-0.1792,-0.19184223355470081
121.76,-0.181,-0.1917802795573293
121.765,-0.1829,-0.19133592511444014
121.77,-0.1848,-0.1906400679244006
121.775,-0.1867,-0.18977185305518823
121.78,-0.1884,-0.188761669919677
121.785,-0.1897,-0.1876289784802238
121.79,-0.1906,-0.18642945978063638
121.795,-0.191,-0.18528802406827577
121.8,-0.191,-0.18439479959140145
121.805,-0.1907,-0.18394328395383247
121.81,-0.1901,-0.1840261587358827
121.815,-0.1893,-0.1845558337366846
121.82,-0.1884,-0.18527906569853772
121.825,-0.1874,-0.1858904866233797
121.83,-0.1864,-0.18617901490712968
121.835,-0.1855,-0.1861134343690917
121.84,-0.1849,-0.18580869134601838
121.845,-0.1847,-0.1854084866369124
121.85,-0.1848,-0.18497125361719005
121.855,-0.1851,-0.18441985366694388
121.86,-0.1855,-0.18358018044792773
121.865,-0.1858,-0.1822816475871224
121.87,-0.1858,-0.18044932363223676
121.875,-0.1857,-0.17814228382005376
121.88,-0.1855,-0.17554286459721424
121.885,-0.1851,-0.1729001729866383
121.89,-0.1847,-0.1704290839968729
121.895,-0.1839,-0.16822714490996027
121.9,-0.1829,-0.1662683471200148
121.905,-0.1814,-0.16446618289548978
121.91,-0.1796,-0.16277247111183765
121.915,-0.1774,-0.1612514121845185
121.92,-0.1751,-0.16008000701464628
121.925,-0.1727,-0.15947442711078488
121.93,-0.1705,-0.1595776721901945
121.935,-0.1684,-0.1603946693300633
121.94,-0.1665,-0.16182024729312203
121.945,-0.1647,-0.1637080272584829
121.95,-0.163,-0.165943021925832
121.955,-0.1617,-0.16850254512360047
121.96,-0.1608,-0.17145557247398413
121.965,-0.1605,-0.17488707311103868
121.97,-0.1607,-0.17880878256188198
121.975,-0.1615,-0.18310456945295084
121.98,-0.1629,-0.18752706108042191
121.985,-0.1647,-0.19176694118915838
121.99,-0.1668,-0.19556363986515318
121.995,-0.1694,-0.19878995384553233
122.0,-0.1724,-0.20146679863258754
122.005,-0.1759,-0.2036850470100117
122.01,-0.1797,-0.20549299479161287
122.015,-0.1837,-0.20684900473647294
122.02,-0.1877,-0.20764345068319243
122.025,-0.1916,-0.2077544564211009
122.03,-0.195,-0.20712835952578448
122.035,-0.1981,-0.20584163219118526
122.04,-0.2007,-0.20409218817162722
122.045,-0.2029,-0.20211523580253055
122.05,-0.2047,-0.20006301640007837
122.055,-0.2059,-0.19792744873576967
122.06,-0.2065,-0.19556802147850955
122.065,-0.2065,-0.19282273753522508
122.07,-0.2059,-0.18961750985871909
122.075,-0.2048,-0.18601804279393788
122.08,-0.2033,-0.18222712274532282
122.085,-0.2015,-0.17852273730538892
122.09,-0.1996,-0.17514219041094842
122.095,-0.1974,-0.1721823689153179
122.1,-0.1949,-0.1695825988376968
122.105,-0.1921,-0.16719799158935994
122.11,-0.1889,-0.16492702062683043
122.115,-0.1854,-0.16281759157547693
122.12,-0.182,-0.1610767615912422
122.125,-0.1786,-0.15997542839072626
122.13,-0.1755,-0.15971136057806826
122.135,-0.1726,-0.16031860303522938
122.14,-0.17,-0.16167980870679838
122.145,-0.1675,-0.16362125245081055
122.15,-0.1653,-0.16601054646993538
122.155,-0.1633,-0.16880267444969219
122.16,-0.1619,-0.17203334017175873
122.165,-0.1612,-0.1757596097967876
122.17,-0.1611,-0.17996337553694594
122.175,-0.1617,-0.18448250016737097
122.18,-0.163,-0.18902545825507688
122.185,-0.1648,-0.19327100619251486
122.19,-0.1671,-0.1969904928314106
122.195,-0.1699,-0.20010540782904002
122.2,-0.1731,-0.20266232314902777
122.205,-0.1768,-0.20475586559760453
122.21,-0.1808,-0.20642634529665818
122.215,-0.185,-0.2075927098409607
122.22,-0.1891,-0.20807460264988958
122.225,-0.1929,-0.20768536633992976
122.23,-0.1964,-0.20634488318964359
122.235,-0.1993,-0.20414989880118056
122.24,-0.2019,-0.20134655212427774
122.245,-0.2039,-0.19822896611801097
122.25,-0.2055,-0.19504551853536384
122.255,-0.2065,-0.1919513639575444
122.26,-0.2067,-0.1890084100112856
122.265,-0.2061,-0.18624020991235263
122.27,-0.2047,-0.18371765544954718
122.275,-0.2027,-0.18160970775783775
122.28,-0.2002,-0.1801492221679149
122.285,-0.1975,-0.17953232483214493
122.29,-0.1947,-0.17983057353412307
122.295,-0.1918,-0.1809706541192844
122.3,-0.189,-0.182774237395666
122.305,-0.1865,-0.18503363560853733
122.31,-0.1842,-0.18758873125022785
122.315,-0.1825,-0.19036895371779766
122.32,-0.1813,-0.19339028641712436
122.325,-0.181,-0.19670019348515527
122.33,-0.1813,-0.2002839963449339
122.335,-0.1824,-0.20399618440883086
122.34,-0.184,-0.2075672966187099
122.345,-0.186,-0.21068693837190333
122.35,-0.1884,-0.21311286967870163
122.355,-0.1911,-0.21473204971680607
122.36,-0.1941,-0.21555965176864858
122.365,-0.1973,-0.2157013688386269
122.37,-0.2007,-0.21528192205529345
122.375,-0.2041,-0.21436463468338143
122.38,-0.2073,-0.2129175640587245
122.385,-0.2099,-0.2108560465328059
122.39,-0.212,-0.20813882457548794
122.395,-0.2135,-0.20484881314505732
122.4,-0.2143,-0.20119389157046597
122.405,-0.2145,-0.19742888317464435
122.41,-0.2142,-0.19375063254273914
122.415,-0.2133,-0.1902268739045173
122.42,-0.2117,-0.18681223210780265
122.425,-0.2096,-0.18344360336701823
122.43,-0.207,-0.18014738604870412
122.435,-0.2039,-0.17709958985111263
122.44,-0.2005,-0.1745936651852208
122.445,-0.1971,-0.17292341316285606
122.45,-0.1936,-0.17227173426471196
122.455,-0.1902,-0.17266904915855605
122.46,-0.1868,-0.17400219204040784
122.465,-0.1835,-0.17605760039756074
122.47,-0.1804,-0.178607916765555
122.475,-0.1777,-0.18150327644130299
122.48,-0.1756,-0.18469476447587038
122.485,-0.1743,-0.18817381772812325
122.49,-0.1739,-0.19187891909510557
122.495,-0.1744,-0.19563564646426201
122.5,-0.1755,-0.19916315692401443
122.505,-0.1774,-0.20214016894682568
122.51,-0.1797,-0.20430833591936365
122.515,-0.1824,-0.2055587076555263
122.52,-0.1855,-0.20593809468453442
122.525,-0.1888,-0.20558639508644777
122.53,-0.1923,-0.20465507281455794
122.535,-0.1956,-0.2032355307397876
122.54,-0.1987,-0.2013465332461661
122.545,-0.2012,-0.199003914566241
122.55,-0.2031,-0.19629241077769302
122.555,-0.2042,-0.19337423406052165
122.56,-0.2046,-0.1904610017418551
122.565,-0.2043,-0.18776431665775636
122.57,-0.2035,-0.1854174324565225
122.575,-0.2022,-0.18341211818237485
122.58,-0.2004,-0.18161474915361853
122.585,-0.1982,-0.17985769832863222
122.59,-0.1957,-0.1780415236827018
122.595,-0.193,-0.17619879128354773
122.6,-0.1905,-0.17448607929803545
122.605,-0.188,-0.17309293117489646
122.61,-0.1858,-0.17212770885687156
122.615,-0.1838,-0.1715560162464964
122.62,-0.1818,-0.17121429354926287
122.625,-0.1799,-0.17088216627017241
122.63,-0.178,-0.17037757384497315
122.635,-0.1763,-0.16963263668993753
122.64,-0.1748,-0.16871525447528096
122.645,-0.1736,-0.16777596504523803
122.65,-0.1727,-0.16694578562520643
122.655,-0.172,-0.16625703906577027
122.66,-0.1714,-0.16563615237805723
122.665,-0.1708,-0.16496681379928696
122.67,-0.1702,-0.16418561781415814
122.675,-0.1694,-0.16334419618677304
122.68,-0.1686,-0.16259530203630237
122.685,-0.1678,-0.16211345569953675
122.69,-0.167,-0.16199157264893377
122.695,-0.1663,-0.16217385636609263
122.7,-0.1656,-0.16247036688220232
122.705,-0.1649,-0.16264503025357355
122.71,-0.1641,-0.16252872365222587
122.715,-0.1634,-0.16209765260283485
122.72,-0.1629,-0.16146646185305397
122.725,-0.1626,-0.16079743676522232
122.73,-0.1625,-0.16018597085595762
122.735,-0.1626,-0.15959620734486604
122.74,-0.1626,-0.15889573318350386
122.745,-0.1625,-0.15796568246502007
122.75,-0.1622,-0.156799309470784
122.755,-0.1618,-0.15552366028617226
122.76,-0.1613,-0.15434030328875453
122.765,-0.1607,-0.15342335763755657
122.77,-0.1601,-0.15283776338260574
122.775,-0.1594,-0.1525321104571338
122.78,-0.1586,-0.15239370561387686
122.785,-0.1576,-0.15231773481638414
122.79,-0.1565,-0.15227426377705888
122.795,-0.1554,-0.15233765708376512
122.8,-0.1545,-0.15263747951982712
122.805,-0.1537,-0.1532767225742233
122.81,-0.1532,-0.15427188326596175
122.815,-0.1528,-0.15551202340712805
122.82,-0.1526,-0.1567580528471486
122.825,-0.1525,-0.15771720574893885
122.83,-0.1525,-0.15816517715489772
122.835,-0.1527,-0.1580482368932833
122.84,-0.1531,-0.157497186393224
122.845,-0.1538,-0.15673364882997398
122.85,-0.1548,-0.15593918724548367
122.855,-0.1558,-0.15516534374258614
122.86,-0.1567,-0.1543257767972883
122.865,-0.1573,-0.15328849360954797
122.87,-0.1575,-0.15200208316422423
122.875,-0.1573,-0.15056172786224833
122.88,-0.1569,-0.14919882068909654
122.885,-0.1564,-0.1482073145323607
122.89,-0.1557,-0.14782854405833976
122.895,-0.155,-0.14815269206947404
122.9,-0.154,-0.1490902916922587
122.905,-0.1529,-0.1504256759095516
122.91,-0.1517,-0.1519225011268887
122.915,-0.1505,-0.15342580194452873
122.92,-0.1495,-0.15490376586623392
122.925,-0.1489,-0.15640127630914966
122.93,-0.1488,-0.15793860462603593
122.935,-0.1492,-0.15943376898834785
122.94,-0.15,-0.160699344701345
122.945,-0.1511,-0.16151189506399583
122.95,-0.1523,-0.16171581176234642
122.955,-0.1537,-0.16129638213509173
122.96,-0.1551,-0.1603833893016778
122.965,-0.1565,-0.15919017847420353
122.97,-0.158,-0.15792272408570088
122.975,-0.1592,-0.15671200424120948
122.98,-0.1602,-0.15559591659488628
122.985,-0.1607,-0.1545628117577181
122.99,-0.1608,-0.15363700528461127
122.995,-0.1604,-0.15292392999393298
123.0,-0.1596,-0.15257916715300365
123.005,-0.1587,-0.15274153840633256
123.01,-0.1577,-0.15346374332079202
123.015,-0.1566,-0.1546683116264519
123.02,-0.1556,-0.15616211117490636
123.025,-0.1547,-0.1577184718028121
123.03,-0.154,-0.15918705687893778
123.035,-0.1535,-0.16055630273196875
123.04,-0.1533,-0.16192882504230993
123.045,-0.1536,-0.1634414728451592
123.05,-0.1544,-0.16518000215100706
123.055,-0.1554,-0.16711411279997126
123.06,-0.1566,-0.16907820611728233
123.065,-0.1579,-0.17083319876132924
123.07,-0.1593,-0.17218970344899093
123.075,-0.1606,-0.17309703599755868
123.08,-0.1621,-0.17364145850265636
123.085,-0.1637,-0.17397389792741028
123.09,-0.1654,-0.17420178318989035
123.095,-0.1672,-0.17431126343346498
123.1,-0.1689,-0.17418011258342095
123.105,-0.1704,-0.17365956700215696
123.11,-0.1716,-0.17266965082342614
123.115,-0.1725,-0.17126425717321828
123.12,-0.1731,-0.16962631474368053
123.125,-0.1736,-0.16798730086784505
123.13,-0.1738,-0.1665226051971887
123.135,-0.1739,-0.1652805027268977
123.14,-0.1736,-0.16417642048426098
123.145,-0.1729,-0.16306908421781724
123.15,-0.1719,-0.16187638816967218
123.155,-0.1707,-0.16064298075539457
123.16,-0.1693,-0.15952330931573863
123.165,-0.1679,-0.15869775740247838
123.17,-0.1666,-0.15826537903528085
123.175,-0.1654,-0.15818386754823993
123.18,-0.1642,-0.15829540667921801
123.185,-0.1631,-0.15841882579045363
123.19,-0.1619,-0.1584535404936899
123.195,-0.1608,-0.15842893080890827
123.2,-0.1598,-0.1584721026966075
123.205,-0.1592,-0.1587178636662214
123.21,-0.1588,-0.15920992232001963
123.215,-0.1586,-0.15984453776005625
123.22,-0.1586,-0.16039574347876243
123.225,-0.1585,-0.1606242969106117
123.23,-0.1585,-0.16039920254983697
123.235,-0.1585,-0.15974472853030772
123.24,-0.1587,-0.15880511311897333
123.245,-0.159,-0.15777213514920815
123.25,-0.1595,-0.15680247976149136
123.255,-0.1599,-0.1559493441440698
123.26,-0.1601,-0.1551473410448886
123.265,-0.1601,-0.15427084911559102
123.27,-0.1598,-0.15324350620389535
123.275,-0.1592,-0.15212511685402166
123.28,-0.1584,-0.15110296697526548
123.285,-0.1576,-0.1503931324360344
123.29,-0.1568,-0.15012129132742508
123.295,-0.1559,-0.15025361838364826
123.3,-0.1551,-0.15061215470613562
123.305,-0.1541,-0.15096313495519306
123.31,-0.1531,-0.151134321063674
123.315,-0.1522,-0.15109366966693882
123.32,-0.1514,-0.15093223415454887
123.325,-0.1509,-0.15077455314649466
123.33,-0.1507,-0.15069260725745828
123.335,-0.1508,-0.15065589104286542
123.34,-0.1509,-0.15052822841281568
123.345,-0.151,-0.15014062997551775
123.35,-0.151,-0.14940903552714158
123.355,-0.1509,-0.14840406102483042
123.36,-0.1508,-0.14733207507442564
123.365,-0.1507,-0.14645800563796513
123.37,-0.1506,-0.14600420234389144
123.375,-0.1505,-0.14604545082079762
123.38,-0.1502,-0.14645533755856968
123.385,-0.1497,-0.14697068903741534
123.39,-0.1489,-0.14734198450012087
123.395,-0.1481,-0.14745521408443757
123.4,-0.1473,-0.14735245779747486
123.405,-0.1468,-0.1471594284631932
123.41,-0.1466,-0.14697959786951323
123.415,-0.1467,-0.14682027608956913
123.42,-0.1469,-0.14657632994265446
123.425,-0.1471,-0.14607379744321136
123.43,-0.1472,-0.1451706317489078
123.435,-0.1473,-0.14386666988594338
123.44,-0.1472,-0.14233182162512742
123.445,-0.1471,-0.14081492801597104
123.45,-0.1469,-0.1395073600520329
123.455,-0.1467,-0.13846082954223957
123.46,-0.1463,-0.13759126989302248
123.465,-0.1456,-0.13675511390944162
123.47,-0.1446,-0.13585569027813932
123.475,-0.1434,-0.13491413791624757
123.48,-0.1421,-0.13406761210946136
123.485,-0.1408,-0.1334945075484081
123.49,-0.1397,-0.13330507634829494
123.495,-0.1387,-0.13347256879762323
123.5,-0.1377,-0.13385340949038263
123.505,-0.1368,-0.13427479295720884
123.51,-0.1359,-0.1346299142351569
123.515,-0.135,-0.13493962207663981
123.52,-0.1344,-0.13534935699276868
123.525,-0.134,-0.13603726740478433
123.53,-0.1339,-0.13708516340786747
123.535,-0.1339,-0.1384169049133137
123.54,-0.1342,-0.1398478881620521
123.545,-0.1344,-0.14119159538771478
123.55,-0.1347,-0.14233432796322756
123.555,-0.1351,-0.14325843211940256
123.56,-0.1357,-0.1440424596091737
123.565,-0.1365,-0.144807900245638
123.57,-0.1376,-0.14560525386260095
123.575,-0.1388,-0.1463375732800339
123.58,-0.14,-0.14679210248062216
123.585,-0.1411,-0.14674313314338963
123.59,-0.1421,-0.146058034645874
123.595,-0.1431,-0.14476155339028432
123.6,-0.1439,-0.14302330530370777
123.605,-0.1447,-0.14106334069005444
123.61,-0.1454,-0.1390369700793888
123.615,-0.1459,-0.13697677097704822
123.62,-0.1461,-0.13480932418155894
123.625,-0.1458,-0.13241491976499628
123.63,-0.145,-0.1297037262123592
123.635,-0.1438,-0.12668144821087235
123.64,-0.1422,-0.12346727713357003
123.645,-0.1405,-0.120245779053707
123.65,-0.1386,-0.11717127686407341
123.655,-0.1366,-0.11428471088545294
123.66,-0.1344,-0.11150232844485469
123.665,-0.1319,-0.10868565960305643
123.67,-0.1292,-0.10575899093620605
123.675,-0.1262,-0.10280101546111696
123.68,-0.1232,-0.10003568264387304
123.685,-0.1202,-0.09772212224777868
123.69,-0.1173,-0.09602133930361326
123.695,-0.1144,-0.09493779685795503
123.7,-0.1115,-0.09436377407340683
123.705,-0.1087,-0.09416620256107433
123.71,-0.1058,-0.09426953524236618
123.715,-0.103,-0.09471034428136507
123.72,-0.1006,-0.09561664712219313
123.725,-0.0985,-0.09710434048894949
123.73,-0.097,-0.09916798582022815
123.735,-0.0959,-0.10165355978300737
123.74,-0.0952,-0.10431356010777332
123.745,-0.0949,-0.10689025286610446
123.75,-0.095,-0.10920075394414691
123.755,-0.0955,-0.11119792143347236
123.76,-0.0965,-0.11295316162964146
123.765,-0.0981,-0.1145572439478537
123.77,-0.1,-0.1160222139248523
123.775,-0.1023,-0.11724745605717603
123.78,-0.1046,-0.1180375642834653
123.785,-0.1068,-0.11815885328422399
123.79,-0.1089,-0.11743671999515959
123.795,-0.1109,-0.11585373758350276
123.8,-0.1127,-0.11356499917728503
123.805,-0.1143,-0.11081246351314482
123.81,-0.1157,-0.10782510845976878
123.815,-0.1167,-0.10475620665698225
123.82,-0.1172,-0.10165996934249791
123.825,-0.117,-0.09853795806377223
123.83,-0.1161,-0.09542168559960094
123.835,-0.1145,-0.09240935997854202
123.84,-0.1124,-0.08965265553282734
123.845,-0.11,-0.08732586657177215
123.85,-0.1073,-0.0855750515303093
123.855,-0.1044,-0.08444606987070345
123.86,-0.1014,-0.08385424683590807
123.865,-0.0984,-0.08365388435894668
123.87,-0.0954,-0.08374782186942664
123.875,-0.0926,-0.08413643042936217
123.88,-0.0901,-0.084881393710476
123.885,-0.088,-0.08602528396005345
123.89,-0.0864,-0.08752155319784509
123.895,-0.0853,-0.0892061652913883
123.9,-0.0847,-0.09082521231457062
123.905,-0.0844,-0.09211865927425433
123.91,-0.0844,-0.09292357213679167
123.915,-0.0848,-0.09323788242831704
123.92,-0.0856,-0.09320036153971745
123.925,-0.0867,-0.09300074965338863
123.93,-0.088,-0.09279130061923531
123.935,-0.0894,-0.09264080568223311
123.94,-0.0907,-0.0925224261950544
123.945,-0.0916,-0.09234847604429733
123.95,-0.0923,-0.09205382481779206
123.955,-0.0926,-0.09166169797604629
123.96,-0.0927,-0.09127692443305031
123.965,-0.0927,-0.09102048846194381
123.97,-0.0927,-0.09094877361431403
123.975,-0.0926,-0.09100188134164623
123.98,-0.0924,-0.0910160129045458
123.985,-0.0922,-0.09080790608958687
123.99,-0.0919,-0.0902842138444597
123.995,-0.0916,-0.08949382228901383
124.0,-0.0914,-0.08859284784304929
124.005,-0.0912,-0.08775418174072354
124.01,-0.0912,-0.08706159773891088
124.015,-0.0911,-0.08644483590417874
124.02,-0.0909,-0.0857109373894138
124.025,-0.0905,-0.08465108479600017
124.03,-0.0899,-0.08315076297399197
124.035,-0.0892,-0.08125115621290416
124.04,-0.0885,-0.07913433581845915
124.045,-0.0878,-0.07703622996231452
124.05,-0.0871,-0.0751315428707947
124.055,-0.0863,-0.0734550734654336
124.06,-0.0854,-0.07190151021674768
124.065,-0.0841,-0.07029715893642786
124.07,-0.0825,-0.06851552198036455
124.075,-0.0807,-0.06657654026792435
124.08,-0.0788,-0.06464246128453167
124.085,-0.077,-0.06290833507446593
124.09,-0.0752,-0.06148503179213359
124.095,-0.0735,-0.06034639262358657
124.1,-0.0718,-0.059353184480426376
124.105,-0.0701,-0.05834421844867371
124.11,-0.0683,-0.057246473047927515
124.115,-0.0665,-0.05612906967784169
124.12,-0.0647,-0.05516922413900798
124.125,-0.0632,-0.054570470267758533
124.13,-0.0619,-0.05448434453041049
124.135,-0.0606,-0.054949243394300726
124.14,-0.0595,-0.05586188577998368
124.145,-0.0584,-0.057024926622384266
124.15,-0.0573,-0.05826937761194188
124.155,-0.0563,-0.05955970904105418
124.16,-0.0556,-0.06099350615470541
124.165,-0.0553,-0.06270743374137519
124.17,-0.0554,-0.0647690816956764
124.175,-0.0558,-0.06711673145373598
124.18,-0.0566,-0.06956670874805687
124.185,-0.0575,-0.07188947672123398
124.19,-0.0586,-0.07392625233194923
124.195,-0.0599,-0.0756732600826465
124.2,-0.0615,-0.07727830627070391
124.205,-0.0633,-0.07895958053005762
124.21,-0.0653,-0.08088653752740732
124.215,-0.0675,-0.08308271107410964
124.22,-0.0696,-0.08541789947299608
124.225,-0.0717,-0.08769102917400005
124.23,-0.0736,-0.08973792894970388
124.235,-0.0754,-0.09150933292521002
124.24,-0.0772,-0.09308475056549569
124.245,-0.0791,-0.0946017738002428
124.25,-0.0812,-0.09614297821126172
124.255,-0.0833,-0.09766386363163793
124.26,-0.0855,-0.099012693946975
124.265,-0.0875,-0.10003035251092621
124.27,-0.0895,-0.1006560569080246
124.275,-0.0912,-0.10096157931210405
124.28,-0.0929,-0.10110008358775416
124.285,-0.0945,-0.10121525867362267
124.29,-0.0961,-0.10136221544629179
124.295,-0.0975,-0.10145590908957194
124.3,-0.0986,-0.1012799854531768
124.305,-0.0995,-0.10059737382195465
124.31,-0.1001,-0.09929309774519418
124.315,-0.1006,-0.09743771495126406
124.32,-0.1009,-0.09525870717606369
124.325,-0.1011,-0.09305422139945535
124.33,-0.1012,-0.09106909060204063
124.335,-0.1011,-0.08938494993040896
124.34,-0.1006,-0.08790476618346432
124.345,-0.0997,-0.08644646996227633
124.35,-0.0984,-0.08487656920836222
124.355,-0.0967,-0.08319816686252791
124.36,-0.0948,-0.08154077558077792
124.365,-0.093,-0.08006814495904922
124.37,-0.0912,-0.07887330507939319
124.375,-0.0896,-0.07792036433878538
124.38,-0.088,-0.07705752765973754
124.385,-0.0864,-0.07609541325915449
124.39,-0.0848,-0.07490732907156478
124.395,-0.0832,-0.07349229546244367
124.4,-0.0817,-0.07196741530562463
124.405,-0.0803,-0.0704955382370158
124.41,-0.0792,-0.06919283785391805
124.415,-0.0781,-0.06807240768034567
124.42,-0.077,-0.06705712021414655
124.425,-0.0759,-0.06605185841996958
124.43,-0.0746,-0.0650302362271437
124.435,-0.0733,-0.06408716430944236
124.44,-0.0719,-0.0634145469962718
124.445,-0.0706,-0.06320447695313063
124.45,-0.0694,-0.06354869863224437
124.455,-0.0683,-0.06438435925343729
124.46,-0.0672,-0.06550436015849953
124.465,-0.0662,-0.06665131199234937
124.47,-0.0652,-0.06764604294921613
124.475,-0.0645,-0.06845187515923885
124.48,-0.0641,-0.0691518793781012
124.485,-0.064,-0.06987354879949867
124.49,-0.0644,-0.07068476792582108
124.495,-0.0651,-0.07151308692929996
124.5,-0.0659,-0.07214731057643005
124.505,-0.0668,-0.07232458139597045
124.51,-0.0676,-0.07186971955669809
124.515,-0.0683,-0.07080967127668536
124.52,-0.0691,-0.06936683764867009
124.525,-0.0699,-0.06782838479881093
124.53,-0.0706,-0.06639122640596987
124.535,-0.0713,-0.06508264093719236
124.54,-0.0716,-0.06378390605378427
124.545,-0.0715,-0.06232132659367749
124.55,-0.0709,-0.06057534140831944
124.555,-0.0699,-0.05855806402660539
124.56,-0.0688,-0.056413178894541616
124.565,-0.0675,-0.054336205717686915
124.57,-0.0663,-0.05246251838357873
124.575,-0.065,-0.050786968697810776
124.58,-0.0636,-0.049176679994743
124.585,-0.062,-0.04746980919499937
124.59,-0.0602,-0.04557279284097615
124.595,-0.0583,-0.04350303179176666
124.6,-0.0563,-0.0413799342010521
124.605,-0.0545,-0.039361193084784724
124.61,-0.0527,-0.03753961269902742
124.615,-0.051,-0.03586931812746854
124.62,-0.0492,-0.03419067836939894
124.625,-0.0473,-0.03234245886544162
124.63,-0.0454,-0.030269149498158437
124.635,-0.0434,-0.028054713369262033
124.64,-0.0414,-0.025888854595326017
124.645,-0.0395,-0.02399184349835674
124.65,-0.0377,-0.02251976697039823
124.655,-0.0359,-0.021486616696775384
124.66,-0.0341,-0.02076458512305884
124.665,-0.0321,-0.0201904269220743
124.67,-0.03,-0.019698770666401716
124.675,-0.028,-0.01937659758728922
124.68,-0.026,-0.01941595900911363
124.685,-0.0244,-0.020005001417798603
124.69,-0.0231,-0.021214647278109414
124.695,-0.022,-0.022937276504641852
124.7,-0.0212,-0.024915750135352306
124.705,-0.0205,-0.026862027667326215
124.71,-0.02,-0.028597130610977534
124.715,-0.0199,-0.03011812728651907
124.72,-0.0202,-0.03155357475750713
124.725,-0.0209,-0.0330452021736408
124.73,-0.0221,-0.03464032709530725
124.735,-0.0236,-0.03624749756959033
124.74,-0.0253,-0.037656726009998635
124.745,-0.0269,-0.03862333578150011
124.75,-0.0285,-0.03898367108092283
124.755,-0.03,-0.03872621395692214
124.76,-0.0316,-0.037970882756092936
124.765,-0.0331,-0.036882690231469714
124.77,-0.0347,-0.03558375968870177
124.775,-0.0361,-0.03410063980144756
124.78,-0.0372,-0.032356803917108545
124.785,-0.0379,-0.030237027948062777
124.79,-0.0381,-0.027700467162904724
124.795,-0.0378,-0.024842644510860993
124.8,-0.0372,-0.021863878369964083
124.805,-0.0363,-0.018989985623153342
124.81,-0.035,-0.016388703282451296
124.815,-0.0336,-0.014099886575804967
124.82,-0.0317,-0.012016356836833391
124.825,-0.0295,-0.009954036617276861
124.83,-0.0271,-0.007778804333763595
124.835,-0.0244,-0.005498323830570816
124.84,-0.0217,-0.0032544191901164705
124.845,-0.0191,-0.001233830535143954
124.85,-0.0167,0.0004357296882799631
124.855,-0.0144,0.0017491329399723235
124.86,-0.0121,0.002826237273688353
124.865,-0.0099,0.003855343275706724
124.87,-0.0077,0.004990813347990938
124.875,-0.0055,0.006263586008539433
124.88,-0.0034,0.007576204526344105
124.885,-0.0016,0.008778097671427959
124.89,0.0,0.009764503005972912
124.895,0.0014,0.01054318266261399
124.9,0.0026,0.011226744964264028
124.905,0.0038,0.011951899941577504
124.91,0.0051,0.012779099855195548
124.915,0.0063,0.013625814930015603
124.92,0.0075,0.01426336382360707
124.925,0.0086,0.014398268711586837
124.93,0.0095,0.013808464681941688
124.935,0.0104,0.01243981713967699
124.94,0.0112,0.010390751051162739
124.945,0.012,0.007808564245053561
124.95,0.0127,0.004772311132290387
124.955,0.0133,0.001223653651265795
124.96,0.0136,-0.002997667526230434
124.965,0.0134,-0.008016693771497269
124.97,0.0125,-0.013793857284725805
124.975,0.0111,-0.020087184918592172
124.98,0.0091,-0.02649934070564488
124.985,0.0066,-0.03258276102023849
124.99,0.0036,-0.037955964673904705
124.995,-0.0001,-0.042378868085432925
125.0,-0.0045,-0.04577034114882658
125.005,-0.0095,-0.04816784406188979
125.01,-0.0151,-0.04964088459598098
125.015,-0.0209,-0.050195956066835044
125.02,-0.0267,-0.04974014363844955
125.025,-0.0321,-0.04814688196129076
125.03,-0.0369,-0.04538297271543815
125.035,-0.0409,-0.04160387453384608
125.04,-0.0441,-0.03714078318694988
125.045,-0.0464,-0.032386981431582564
125.05,-0.0478,-0.027672115712920702
125.055,-0.0482,-0.023193467723630075
125.06,-0.0476,-0.01901856547356618
125.065,-0.046,-0.015155599871646148
125.07,-0.0433,-0.011652695228015939
125.075,-0.0399,-0.00865314719638151
125.08,-0.0359,-0.006369968191538704
125.085,-0.0317,-0.005001173582014044
125.09,-0.0274,-0.004637370897927827
125.095,-0.0233,-0.005218014071105562
125.1,-0.0193,-0.006552852182986546
125.105,-0.0156,-0.008390169841850119
125.11,-0.0124,-0.010523574100191488
125.115,-0.0097,-0.012890922034096891
125.12,-0.0078,-0.015582175376835167
125.125,-0.0066,-0.018750648004976764
125.13,-0.0063,-0.022490247740951753
125.135,-0.0068,-0.026744477940800353
125.14,-0.0079,-0.031306732308429196
125.145,-0.0094,-0.035904455114697836
125.15,-0.0114,-0.04029342900692505
125.155,-0.0137,-0.04432383388435164
125.16,-0.0165,-0.047967413581246336
125.165,-0.0198,-0.05126937392381993
125.17,-0.0235,-0.05424023958645281
125.175,-0.0275,-0.056790495744375745
125.18,-0.0318,-0.058759760195682305
125.185,-0.036,-0.05998786397082826
125.19,-0.0401,-0.06039132351107702
125.195,-0.0439,-0.060032014938915856
125.2,-0.0474,-0.059116907172227784
125.205,-0.0506,-0.05789984460202586
125.21,-0.0535,-0.056558701566410345
125.215,-0.0558,-0.0551373208142498
125.22,-0.0576,-0.05357149602243396
125.225,-0.0586,-0.05176751216698675
125.23,-0.059,-0.04970049473204146
125.235,-0.0588,-0.047491600538890684
125.24,-0.0582,-0.045404587155800064
125.245,-0.0572,-0.043739363984331814
125.25,-0.0561,-0.0426907318878612
125.255,-0.0547,-0.04227472269541557
125.26,-0.0531,-0.042355026557350385
125.265,-0.0513,-0.042734879408771784
125.27,-0.0494,-0.04327047106023844
125.275,-0.0475,-0.043955886215296
125.28,-0.0458,-0.04492265432977064
125.285,-0.0445,-0.04634131287253051
125.29,-0.0436,-0.0482943485649041
125.295,-0.0432,-0.05071819857768488
125.3,-0.0431,-0.053440412699796415
125.305,-0.0434,-0.05625986256278903
125.31,-0.0438,-0.059028003853331776
125.315,-0.0446,-0.06170888251053877
125.32,-0.0457,-0.06437982170395763
125.325,-0.0472,-0.06715810440097914
125.33,-0.0492,-0.07009387975544645
125.335,-0.0515,-0.07309737012509218
125.34,-0.0539,-0.07594943445059292
125.345,-0.0565,-0.07839681163210141
125.35,-0.0591,-0.08028567014889397
125.355,-0.0618,-0.08165239903812929
125.36,-0.0645,-0.08270402773824363
125.365,-0.0673,-0.08369560421047237
125.37,-0.0702,-0.08478953498787438
125.375,-0.0729,-0.08599030192822048
125.38,-0.0755,-0.08718031982642249
125.385,-0.0777,-0.08821978278639106
125.39,-0.0794,-0.0890460903897599
125.395,-0.0809,-0.08971676163721713
125.4,-0.0822,-0.09039024965358713
125.405,-0.0835,-0.09125262418744771
125.41,-0.0847,-0.09240271390259396
125.415,-0.0859,-0.09377349740098832
125.42,-0.087,-0.09516200898989038
125.425,-0.088,-0.09633840653309031
125.43,-0.0889,-0.0971694514900582
125.435,-0.0897,-0.09770213761002353
125.44,-0.0906,-0.09814532075628088
125.445,-0.0916,-0.09874375521341797
125.45,-0.0928,-0.09963656585817707
125.455,-0.094,-0.10080282900505987
125.46,-0.0952,-0.10211250832924026
125.465,-0.0961,-0.103424471704048
125.47,-0.0969,-0.10466427936050382
125.475,-0.0975,-0.10585510830132153
125.48,-0.0982,-0.10710963164357658
125.485,-0.099,-0.1085783657606718
125.49,-0.1,-0.11034820685428423
125.495,-0.1011,-0.11235199342175485
125.5,-0.1023,-0.11438076509077216
125.505,-0.1035,-0.11619583680554861
125.51,-0.1047,-0.11765167081313932
125.515,-0.1059,-0.11875641041814397
125.52,-0.1073,-0.11964351559087467
125.525,-0.1089,-0.1204798165959707
125.53,-0.1107,-0.12136450432382924
125.535,-0.1125,-0.12225704726419458
125.54,-0.1143,-0.12297115790146664
125.545,-0.1158,-0.12325786987461211
125.55,-0.1172,-0.12293393943922717
125.555,-0.1183,-0.1219745610126407
125.56,-0.1193,-0.1205151660792991
125.565,-0.1203,-0.11876216746267065
125.57,-0.1212,-0.11687293876070466
125.575,-0.122,-0.11488461646345445
125.58,-0.1224,-0.11273278787651553
125.585,-0.1224,-0.11034957351935984
125.59,-0.122,-0.10777604447256207
125.595,-0.121,-0.10519426545481646
125.6,-0.1197,-0.10285971745590117
125.605,-0.1182,-0.10101005682784076
125.61,-0.1164,-0.09979791161552942
125.615,-0.1145,-0.09924126738147063
125.62,-0.1123,-0.09921429820117543
125.625,-0.11,-0.09951318326004002
125.63,-0.1077,-0.09996553206181928
125.635,-0.1054,-0.10050896166030708
125.64,-0.1034,-0.10119357897946377
125.645,-0.1019,-0.10211342201983399
125.65,-0.1009,-0.10331575427419723
125.655,-0.1003,-0.10474501755951462
125.66,-0.1001,-0.10624112140724336
125.665,-0.1002,-0.1075904462861493
125.67,-0.1005,-0.10862220844345513
125.675,-0.1009,-0.10930093538227995
125.68,-0.1016,-0.1097443109572472
125.685,-0.1026,-0.11015021111684803
125.69,-0.1037,-0.11067812722342264
125.695,-0.105,-0.11136005728328036
125.7,-0.1062,-0.11209645617628247
125.705,-0.1073,-0.11272769478814408
125.71,-0.1082,-0.11314017507737975
125.715,-0.1089,-0.11334519007175428
125.72,-0.1094,-0.11346736528340265
125.725,-0.1101,-0.11365911795020853
125.73,-0.1107,-0.11400397817241908
125.735,-0.1114,-0.1144519302432784
125.74,-0.112,-0.1148258759487549
125.745,-0.1125,-0.11491049195345825
125.75,-0.1128,-0.11456862618223797
125.755,-0.1131,-0.11380937830499224
125.76,-0.1134,-0.11277407992012399
125.765,-0.1137,-0.11165202275885756
125.77,-0.1141,-0.11056796668853208
125.775,-0.1144,-0.10951615646236434
125.78,-0.1146,-0.10839238160989101
125.785,-0.1144,-0.10708467934097075
125.79,-0.114,-0.10556143189762456
125.795,-0.1133,-0.10392327104325945
125.8,-0.1124,-0.10238560837797528
125.805,-0.1115,-0.10119427256289995
125.81,-0.1105,-0.1005170292630099
125.815,-0.1094,-0.10036773643570143
125.82,-0.1081,-0.10061372266194751
125.825,-0.1068,-0.10106355473438036
125.83,-0.1053,-0.1015746217531279
125.835,-0.1039,-0.1021178846406135
125.84,-0.1026,-0.10278184705925635
125.845,-0.1017,-0.1037127219245361
125.85,-0.1012,-0.1049962382219947
125.855,-0.1011,-0.10656328528902768
125.86,-0.1012,-0.10821944754075659
125.865,-0.1014,-0.1097692245439907
125.87,-0.1018,-0.11112371701930122
125.875,-0.1024,-0.11233930953352476
125.88,-0.1032,-0.11358520057566408
125.885,-0.1042,-0.11504939135832798
125.89,-0.1055,-0.11683010911719667
125.895,-0.1069,-0.11888014550688907
125.9,-0.1084,-0.12102792910886213
125.905,-0.1097,-0.12305959026699605
125.91,-0.1111,-0.12482703838463041
125.915,-0.1124,-0.12631016233826428
125.92,-0.1138,-0.12759304273181576
125.925,-0.1155,-0.1287777364193057
125.93,-0.1173,-0.12988118170764468
125.935,-0.1192,-0.13078752615581532
125.94,-0.1211,-0.13129507988296393
125.945,-0.1229,-0.13122375994614888
125.95,-0.1246,-0.13052329240597704
125.955,-0.126,-0.129320014714781
125.96,-0.1274,-0.1278786204349419
125.965,-0.1286,-0.12650712212389964
125.97,-0.1296,-0.1254423836110676
125.975,-0.1302,-0.12476931920380578
125.98,-0.1305,-0.12443055136443652
125.985,-0.1302,-0.12431539361465478
125.99,-0.1296,-0.12435883392912413
125.995,-0.1286,-0.12459308167837535
126.0,-0.1275,-0.12512702476924567
126.005,-0.1265,-0.12607133846520133
126.01,-0.1257,-0.1274607034953077
126.015,-0.1251,-0.12921237444000389
126.02,-0.1248,-0.13113832595897848
126.025,-0.1246,-0.13301537694017768
126.03,-0.1247,-0.13469693067716035
126.035,-0.125,-0.13620085795990317
126.04,-0.1257,-0.13768282684621755
126.045,-0.1268,-0.1393171717903733
126.05,-0.1281,-0.14120171934834527
126.055,-0.1297,-0.14332224864172832
126.06,-0.1314,-0.1455531396522711
126.065,-0.1331,-0.1476980572755944
126.07,-0.1347,-0.14956756203779564
126.075,-0.1363,-0.15105548138859995
126.08,-0.1379,-0.15215507928948935
126.085,-0.1397,-0.15289522982779957
126.09,-0.1416,-0.15325451750901925
126.095,-0.1437,-0.1531120389641763
126.1,-0.1457,-0.15225361056780087
126.105,-0.1476,-0.15045397598271457
126.11,-0.1492,-0.1476136069447844
126.115,-0.1506,-0.14384515190816557
126.12,-0.1516,-0.13943038190005738
126.125,-0.1522,-0.13468838945092335
126.13,-0.1524,-0.12985415290842048
126.135,-0.1519,-0.12503048686605095
126.14,-0.1507,-0.12021651531285908
126.145,-0.1487,-0.11537886883197968
126.15,-0.1458,-0.1105340284758448
126.155,-0.1422,-0.10580591474539452
126.16,-0.1382,-0.10140935566390363
126.165,-0.1338,-0.09756931853111062
126.17,-0.1293,-0.09443551405972753
126.175,-0.1246,-0.09202705936439512
126.18,-0.1199,-0.09023667098452538
126.185,-0.1152,-0.08890058727733559
126.19,-0.1106,-0.08789092902020415
126.195,-0.1061,-0.08718388770730662
126.2,-0.1021,-0.08685923568236754
126.205,-0.0986,-0.08701385412821996
126.21,-0.0956,-0.0876518586336073
126.215,-0.0932,-0.08863884679455945
126.22,-0.0913,-0.08974893461378683
126.225,-0.0898,-0.09076554761474874
126.23,-0.0887,-0.09156472813525598
126.235,-0.088,-0.09214744091665157
126.24,-0.0878,-0.09262823520746889
126.245,-0.0879,-0.0931667196855606
126.25,-0.0884,-0.09385743250847409
126.255,-0.0891,-0.09466080060146063
126.26,-0.0899,-0.09542779835483037
126.265,-0.0907,-0.09599512423851779
126.27,-0.0914,-0.09628827669496309
126.275,-0.092,-0.09637291311817969
126.28,-0.0926,-0.09643324694847269
126.285,-0.0932,-0.0966816185393224
126.29,-0.0939,-0.09723897137690145
126.295,-0.0946,-0.09807213820833942
126.3,-0.0952,-0.09902468198448655
126.305,-0.0957,-0.09990250690905798
126.31,-0.0959,-0.10057178949241778
126.315,-0.0962,-0.1010239385358519
126.32,-0.0965,-0.10136992696725179
126.325,-0.097,-0.10176982752920392
126.33,-0.0976,-0.10233294826148241
126.335,-0.0984,-0.10303572501815614
126.34,-0.0991,-0.10370609482868674
126.345,-0.0998,-0.10410277693308825
126.35,-0.1004,-0.10404893708498554
126.355,-0.1009,-0.10352610111775587
126.36,-0.1013,-0.10268112402634376
126.365,-0.1019,-0.10175201780212777
126.37,-0.1025,-0.10094373692062494
126.375,-0.1031,-0.10033878936153756
126.38,-0.1035,-0.09990729428599601
126.385,-0.1036,-0.09957845885524669
126.39,-0.1034,-0.09931370283013183
126.395,-0.1029,-0.09916546494978633
126.4,-0.1023,-0.09929020770419189
126.405,-0.1016,-0.0998695941523233
126.41,-0.101,-0.10097954662701199
126.415,-0.1005,-0.10251233818663837
126.42,-0.1001,-0.10420219183181478
126.425,-0.0997,-0.1057362276305226
126.43,-0.0995,-0.1068875199307343
126.435,-0.0995,-0.10758751695516217
126.44,-0.0999,-0.10791002644532156
126.445,-0.1006,-0.10799635854994848
126.45,-0.1017,-0.10796594957142998
126.455,-0.103,-0.10786334320478483
126.46,-0.1043,-0.10766241397980696
126.465,-0.1055,-0.10730283553853837
126.47,-0.1064,-0.10674003326290352
126.475,-0.107,-0.10599625126874729
126.48,-0.1074,-0.10517581810037888
126.485,-0.1076,-0.1044301715627676
126.49,-0.1077,-0.10389392614310239
126.495,-0.1076,-0.10361330014740225
126.5,-0.1074,-0.10351412405933659
126.505,-0.107,-0.10346044875966437
126.51,-0.1065,-0.10336775120788247
126.515,-0.1058,-0.10327460477338676
126.52,-0.1052,-0.10333096632053711
126.525,-0.1046,-0.10372535172589976
126.53,-0.1042,-0.10458461183403726
126.535,-0.1039,-0.10589148504013073
126.54,-0.1037,-0.10747455154230114
126.545,-0.1036,-0.10908584773344164
126.55,-0.1034,-0.1105102477907664
126.555,-0.1035,-0.11164262507562274
126.56,-0.1037,-0.11250811586668936
126.565,-0.1043,-0.11320873994494965
126.57,-0.1053,-0.1138219722473507
126.575,-0.1065,-0.11432384406935396
126.58,-0.1078,-0.11458321704305335
126.585,-0.1091,-0.11444703548746374
126.59,-0.1103,-0.11387142636649046
126.595,-0.1113,-0.11298280395451077
126.6,-0.1122,-0.11202404879856603
126.605,-0.1129,-0.11124007775015776
126.61,-0.1135,-0.11077096437881448
126.615,-0.1139,-0.11060614602814862
126.62,-0.114,-0.11061895918320802
126.625,-0.1138,-0.11064291027970087
126.63,-0.1133,-0.11053677882872232
126.635,-0.1126,-0.1102254240493288
126.64,-0.112,-0.10970478889636225
126.645,-0.1115,-0.10898580573876067
126.65,-0.1112,-0.10801147193136652
126.655,-0.111,-0.10663218139880198
126.66,-0.1108,-0.104666876590354
126.665,-0.1107,-0.10199544866369248
126.67,-0.1104,-0.09862542889702504
126.675,-0.11,-0.09471249020945863
126.68,-0.1094,-0.09052813904852447
126.685,-0.1085,-0.08637576797694949
126.69,-0.1074,-0.08248403563946244
126.695,-0.1057,-0.07894372305173473
126.7,-0.1035,-0.07572742241757464
126.705,-0.1008,-0.07275644789212798
126.71,-0.0975,-0.06998505934687564
126.715,-0.0938,-0.06748790669794341
126.72,-0.09,-0.06547969678304198
126.725,-0.0863,-0.06422291338228582
126.73,-0.0827,-0.0638953343839356
126.735,-0.0793,-0.06450451093606265
126.74,-0.0761,-0.06588046910042394
126.745,-0.0731,-0.0677585868195596
126.75,-0.0705,-0.06991290673401318
126.755,-0.0682,-0.07224918686283142
126.76,-0.0665,-0.0748021946239335
126.765,-0.0656,-0.07764301783505032
126.77,-0.0654,-0.08075686948996444
126.775,-0.066,-0.08396692798733017
126.78,-0.0671,-0.08695183569812047
126.785,-0.0687,-0.0893627796695328
126.79,-0.0706,-0.09095914247819772
126.795,-0.0729,-0.09166252533135372
126.8,-0.0754,-0.09153592948128769
126.805,-0.0782,-0.09072920580869917
126.81,-0.0811,-0.08939297747371934
126.815,-0.0839,-0.08760390565606109
126.82,-0.0864,-0.08537014679582083
126.825,-0.0884,-0.08270786900031042
126.83,-0.0897,-0.0797212296017517
126.835,-0.0902,-0.07663598810559483
126.84,-0.0902,-0.07375794077349357
126.845,-0.0895,-0.07136818605812792
126.85,-0.0883,-0.06961916356362982
126.855,-0.0866,-0.06848167558817739
126.86,-0.0844,-0.0677733061274345
126.865,-0.0819,-0.06726773448784493
126.87,-0.0792,-0.06681170504068701
126.875,-0.0766,-0.06638145861108698
126.88,-0.0741,-0.06606523418321922
126.885,-0.0721,-0.06598360298297401
126.89,-0.0705,-0.06619759153080522
126.895,-0.0693,-0.06665820906248497
126.9,-0.0684,-0.06721266327645481
126.905,-0.0677,-0.06766713375543863
126.91,-0.0671,-0.06787505895297129
126.915,-0.0667,-0.0677943472859179
126.92,-0.0665,-0.0674768745405134
126.925,-0.0664,-0.06699303784618355
126.93,-0.0666,-0.06633933076904297
126.935,-0.067,-0.06539362507747976
126.94,-0.0673,-0.06396120216867535
126.945,-0.0675,-0.06188923629782417
126.95,-0.0675,-0.05916053849228278
126.955,-0.0674,-0.05591141634257494
126.96,-0.0671,-0.05238760593149705
126.965,-0.0666,-0.04885786780047086
126.97,-0.0658,-0.04552180919368224
126.975,-0.0646,-0.042463397410456474
126.98,-0.063,-0.039662850182876006
126.985,-0.0608,-0.03705187333908395
126.99,-0.0581,-0.034579414539804516
126.995,-0.0551,-0.032257385604821956
127.0,-0.0519,-0.030174323273438965
127.005,-0.0487,-0.028454333604513868
127.01,-0.0456,-0.02716940272044911
127.015,-0.0427,-0.02627711977998114
127.02,-0.0399,-0.025642717739161294
127.025,-0.0373,-0.025126555025830243
127.03,-0.0348,-0.024664822908589863
127.035,-0.0326,-0.024297508121690937
127.04,-0.0307,-0.024156581566209288
127.045,-0.0291,-0.02441945216245081
127.05,-0.0278,-0.025223736328394704
127.055,-0.0268,-0.02660026274404531
127.06,-0.026,-0.028478969563057812
127.065,-0.0254,-0.030748038251090057
127.07,-0.0249,-0.03331752803573048
127.075,-0.0247,-0.036150375049196444
127.08,-0.0247,-0.039246865628286165
127.085,-0.0252,-0.042589899122016626
127.09,-0.0261,-0.04608020741291209
127.095,-0.0275,-0.049505094758844605
127.1,-0.0294,-0.05256671706408619
127.105,-0.0315,-0.05496173479727145
127.11,-0.034,-0.05647795001246011
127.115,-0.0368,-0.057062725863412586
127.12,-0.0398,-0.05681505219574178
127.125,-0.043,-0.05589397720777139
127.13,-0.0462,-0.05440940689288347
127.135,-0.0493,-0.05237268171757737
127.14,-0.0519,-0.04972713823764506
127.145,-0.0538,-0.046419178749633444
127.15,-0.0551,-0.04246098654773416
127.155,-0.0556,-0.037967832129826004
127.16,-0.0554,-0.033168614638874994
127.165,-0.0546,-0.028374495763090233
127.17,-0.0532,-0.023893397142102882
127.175,-0.0512,-0.019929181378592453
127.18,-0.0485,-0.016538227892616903
127.185,-0.0452,-0.013679122366512066
127.19,-0.0413,-0.011324494562122454
127.195,-0.0371,-0.009549282928787097
127.2,-0.0327,-0.008523369126826847
127.205,-0.0284,-0.008425798162676156
127.21,-0.0243,-0.009353380187435662
127.215,-0.0206,-0.011269211166748148
127.22,-0.0174,-0.013996037798967428
127.225,-0.0146,-0.01726242089041021
127.23,-0.0123,-0.02080217865976087
127.235,-0.0108,-0.024448638683442065
127.24,-0.01,-0.028155517257367597
127.245,-0.0101,-0.031934148481853455
127.25,-0.0111,-0.035749932943406816
127.255,-0.0129,-0.03945166927969976
127.26,-0.0154,-0.042774881926826214
127.265,-0.0183,-0.04541383501485705
127.27,-0.0215,-0.04713479853292343
127.275,-0.0249,-0.04786145834603916
127.28,-0.0285,-0.04767898185316448
127.285,-0.0322,-0.04676891961201679
127.29,-0.0358,-0.045311975204167
127.295,-0.0391,-0.04340644259636014
127.3,-0.042,-0.04105475090404003
127.305,-0.0442,-0.03822585837564653
127.31,-0.0457,-0.03494243485199367
127.315,-0.0463,-0.031338436359582805
127.32,-0.0462,-0.027657123008427896
127.325,-0.0455,-0.024178399548196963
127.33,-0.0442,-0.02111650592455063
127.335,-0.0423,-0.018565362769741578
127.34,-0.04,-0.016513582395441744
127.345,-0.0373,-0.014907069430673056
127.35,-0.0342,-0.01373978748583032
127.355,-0.0308,-0.01311380175645843
127.36,-0.0275,-0.013207283332509421
127.365,-0.0244,-0.014172476271340719
127.37,-0.0216,-0.016033758585835185
127.375,-0.0192,-0.018634746725121935
127.38,-0.0172,-0.021662610416526163
127.385,-0.0157,-0.02475129533986899
127.39,-0.0146,-0.02760651119969386
127.395,-0.0142,-0.030076095960258793
127.4,-0.0145,-0.032141783722276496
127.405,-0.0156,-0.03385586733972219
127.41,-0.0174,-0.0352530916459932
127.415,-0.0197,-0.036279300433857346
127.42,-0.0223,-0.03678524863578765
127.425,-0.0249,-0.03659429586098624
127.43,-0.0274,-0.03560488788781078
127.435,-0.0297,-0.03386672976072132
127.44,-0.0316,-0.03157458431424777
127.445,-0.0333,-0.028977772302310238
127.45,-0.0346,-0.02626860614258083
127.455,-0.0355,-0.02352375961086774
127.46,-0.0358,-0.020730618178923976
